query;group
aquaklon;brand
акваклон;brand
aquaklon аквариумные растения;brand
акваклон аквариумные растения;brand
aquaklon меристемные растения;brand
акваклон меристемные растения;brand
aquaklon растения для аквариума;brand
акваклон растения для аквариума;brand
aquaklon in vitro;brand
акваклон in vitro;brand
aquaklon купить;brand
акваклон купить;brand
aquaklon цена;brand
акваклон цена;brand
aquaklon каталог;brand
акваклон каталог;brand
aquaklon доставка;brand
акваклон доставка;brand
aquaklon отзывы;brand
акваклон отзывы;brand
купить аквариумные растения;core
заказать аквариумные растения;core
где купить аквариумные растения;core
аквариумные растения цена;core
аквариумные растения цены;core
аквариумные растения наличие;core
аквариумные растения каталог;core
аквариумные растения доставка;core
аквариумные растения в москве;core_geo
купить аквариумные растения в москве;core_geo
аквариумные растения в москве цена;core_geo
аквариумные растения по москве;core_geo
купить аквариумные растения по москве;core_geo
аквариумные растения по москве цена;core_geo
аквариумные растения по московской области;core_geo
купить аквариумные растения по московской области;core_geo
аквариумные растения по московской области цена;core_geo
аквариумные растения в москве с доставкой;core_geo
купить аквариумные растения в москве с доставкой;core_geo
аквариумные растения в москве с доставкой цена;core_geo
купить растения для аквариума;core
заказать растения для аквариума;core
где купить растения для аквариума;core
растения для аквариума цена;core
растения для аквариума цены;core
растения для аквариума наличие;core
растения для аквариума каталог;core
растения для аквариума доставка;core
растения для аквариума в москве;core_geo
купить растения для аквариума в москве;core_geo
растения для аквариума в москве цена;core_geo
растения для аквариума по москве;core_geo
купить растения для аквариума по москве;core_geo
растения для аквариума по москве цена;core_geo
растения для аквариума по московской области;core_geo
купить растения для аквариума по московской области;core_geo
растения для аквариума по московской области цена;core_geo
растения для аквариума в москве с доставкой;core_geo
купить растения для аквариума в москве с доставкой;core_geo
растения для аквариума в москве с доставкой цена;core_geo
купить меристемные аквариумные растения;core
заказать меристемные аквариумные растения;core
где купить меристемные аквариумные растения;core
меристемные аквариумные растения цена;core
меристемные аквариумные растения цены;core
меристемные аквариумные растения наличие;core
меристемные аквариумные растения каталог;core
меристемные аквариумные растения доставка;core
меристемные аквариумные растения в москве;core_geo
купить меристемные аквариумные растения в москве;core_geo
меристемные аквариумные растения в москве цена;core_geo
меристемные аквариумные растения по москве;core_geo
купить меристемные аквариумные растения по москве;core_geo
меристемные аквариумные растения по москве цена;core_geo
меристемные аквариумные растения по московской области;core_geo
купить меристемные аквариумные растения по московской области;core_geo
меристемные аквариумные растения по московской области цена;core_geo
меристемные аквариумные растения в москве с доставкой;core_geo
купить меристемные аквариумные растения в москве с доставкой;core_geo
меристемные аквариумные растения в москве с доставкой цена;core_geo
купить меристемные растения для аквариума;core
заказать меристемные растения для аквариума;core
где купить меристемные растения для аквариума;core
меристемные растения для аквариума цена;core
меристемные растения для аквариума цены;core
меристемные растения для аквариума наличие;core
меристемные растения для аквариума каталог;core
меристемные растения для аквариума доставка;core
меристемные растения для аквариума в москве;core_geo
купить меристемные растения для аквариума в москве;core_geo
меристемные растения для аквариума в москве цена;core_geo
меристемные растения для аквариума по москве;core_geo
купить меристемные растения для аквариума по москве;core_geo
меристемные растения для аквариума по москве цена;core_geo
меристемные растения для аквариума по московской области;core_geo
купить меристемные растения для аквариума по московской области;core_geo
меристемные растения для аквариума по московской области цена;core_geo
меристемные растения для аквариума в москве с доставкой;core_geo
купить меристемные растения для аквариума в москве с доставкой;core_geo
меристемные растения для аквариума в москве с доставкой цена;core_geo
купить микроклон аквариумных растений;core
заказать микроклон аквариумных растений;core
где купить микроклон аквариумных растений;core
микроклон аквариумных растений цена;core
микроклон аквариумных растений цены;core
микроклон аквариумных растений наличие;core
микроклон аквариумных растений каталог;core
микроклон аквариумных растений доставка;core
микроклон аквариумных растений в москве;core_geo
купить микроклон аквариумных растений в москве;core_geo
микроклон аквариумных растений в москве цена;core_geo
микроклон аквариумных растений по москве;core_geo
купить микроклон аквариумных растений по москве;core_geo
микроклон аквариумных растений по москве цена;core_geo
микроклон аквариумных растений по московской области;core_geo
купить микроклон аквариумных растений по московской области;core_geo
микроклон аквариумных растений по московской области цена;core_geo
микроклон аквариумных растений в москве с доставкой;core_geo
купить микроклон аквариумных растений в москве с доставкой;core_geo
микроклон аквариумных растений в москве с доставкой цена;core_geo
купить микроклонные аквариумные растения;core
заказать микроклонные аквариумные растения;core
где купить микроклонные аквариумные растения;core
микроклонные аквариумные растения цена;core
микроклонные аквариумные растения цены;core
микроклонные аквариумные растения наличие;core
микроклонные аквариумные растения каталог;core
микроклонные аквариумные растения доставка;core
микроклонные аквариумные растения в москве;core_geo
купить микроклонные аквариумные растения в москве;core_geo
микроклонные аквариумные растения в москве цена;core_geo
микроклонные аквариумные растения по москве;core_geo
купить микроклонные аквариумные растения по москве;core_geo
микроклонные аквариумные растения по москве цена;core_geo
микроклонные аквариумные растения по московской области;core_geo
купить микроклонные аквариумные растения по московской области;core_geo
микроклонные аквариумные растения по московской области цена;core_geo
микроклонные аквариумные растения в москве с доставкой;core_geo
купить микроклонные аквариумные растения в москве с доставкой;core_geo
микроклонные аквариумные растения в москве с доставкой цена;core_geo
купить растения in vitro для аквариума;core
заказать растения in vitro для аквариума;core
где купить растения in vitro для аквариума;core
растения in vitro для аквариума цена;core
растения in vitro для аквариума цены;core
растения in vitro для аквариума наличие;core
растения in vitro для аквариума каталог;core
растения in vitro для аквариума доставка;core
растения in vitro для аквариума в москве;core_geo
купить растения in vitro для аквариума в москве;core_geo
растения in vitro для аквариума в москве цена;core_geo
растения in vitro для аквариума по москве;core_geo
купить растения in vitro для аквариума по москве;core_geo
растения in vitro для аквариума по москве цена;core_geo
растения in vitro для аквариума по московской области;core_geo
купить растения in vitro для аквариума по московской области;core_geo
растения in vitro для аквариума по московской области цена;core_geo
растения in vitro для аквариума в москве с доставкой;core_geo
купить растения in vitro для аквариума в москве с доставкой;core_geo
растения in vitro для аквариума в москве с доставкой цена;core_geo
купить стерильные растения для аквариума;core
заказать стерильные растения для аквариума;core
где купить стерильные растения для аквариума;core
стерильные растения для аквариума цена;core
стерильные растения для аквариума цены;core
стерильные растения для аквариума наличие;core
стерильные растения для аквариума каталог;core
стерильные растения для аквариума доставка;core
стерильные растения для аквариума в москве;core_geo
купить стерильные растения для аквариума в москве;core_geo
стерильные растения для аквариума в москве цена;core_geo
стерильные растения для аквариума по москве;core_geo
купить стерильные растения для аквариума по москве;core_geo
стерильные растения для аквариума по москве цена;core_geo
стерильные растения для аквариума по московской области;core_geo
купить стерильные растения для аквариума по московской области;core_geo
стерильные растения для аквариума по московской области цена;core_geo
стерильные растения для аквариума в москве с доставкой;core_geo
купить стерильные растения для аквариума в москве с доставкой;core_geo
стерильные растения для аквариума в москве с доставкой цена;core_geo
купить чистые растения для аквариума;core
заказать чистые растения для аквариума;core
где купить чистые растения для аквариума;core
чистые растения для аквариума цена;core
чистые растения для аквариума цены;core
чистые растения для аквариума наличие;core
чистые растения для аквариума каталог;core
чистые растения для аквариума доставка;core
чистые растения для аквариума в москве;core_geo
купить чистые растения для аквариума в москве;core_geo
чистые растения для аквариума в москве цена;core_geo
чистые растения для аквариума по москве;core_geo
купить чистые растения для аквариума по москве;core_geo
чистые растения для аквариума по москве цена;core_geo
чистые растения для аквариума по московской области;core_geo
купить чистые растения для аквариума по московской области;core_geo
чистые растения для аквариума по московской области цена;core_geo
чистые растения для аквариума в москве с доставкой;core_geo
купить чистые растения для аквариума в москве с доставкой;core_geo
чистые растения для аквариума в москве с доставкой цена;core_geo
купить живые растения для аквариума;core
заказать живые растения для аквариума;core
где купить живые растения для аквариума;core
живые растения для аквариума цена;core
живые растения для аквариума цены;core
живые растения для аквариума наличие;core
живые растения для аквариума каталог;core
живые растения для аквариума доставка;core
живые растения для аквариума в москве;core_geo
купить живые растения для аквариума в москве;core_geo
живые растения для аквариума в москве цена;core_geo
живые растения для аквариума по москве;core_geo
купить живые растения для аквариума по москве;core_geo
живые растения для аквариума по москве цена;core_geo
живые растения для аквариума по московской области;core_geo
купить живые растения для аквариума по московской области;core_geo
живые растения для аквариума по московской области цена;core_geo
живые растения для аквариума в москве с доставкой;core_geo
купить живые растения для аквариума в москве с доставкой;core_geo
живые растения для аквариума в москве с доставкой цена;core_geo
купить растения без улиток для аквариума;core
заказать растения без улиток для аквариума;core
где купить растения без улиток для аквариума;core
растения без улиток для аквариума цена;core
растения без улиток для аквариума цены;core
растения без улиток для аквариума наличие;core
растения без улиток для аквариума каталог;core
растения без улиток для аквариума доставка;core
растения без улиток для аквариума в москве;core_geo
купить растения без улиток для аквариума в москве;core_geo
растения без улиток для аквариума в москве цена;core_geo
растения без улиток для аквариума по москве;core_geo
купить растения без улиток для аквариума по москве;core_geo
растения без улиток для аквариума по москве цена;core_geo
растения без улиток для аквариума по московской области;core_geo
купить растения без улиток для аквариума по московской области;core_geo
растения без улиток для аквариума по московской области цена;core_geo
растения без улиток для аквариума в москве с доставкой;core_geo
купить растения без улиток для аквариума в москве с доставкой;core_geo
растения без улиток для аквариума в москве с доставкой цена;core_geo
купить растения без водорослей для аквариума;core
заказать растения без водорослей для аквариума;core
где купить растения без водорослей для аквариума;core
растения без водорослей для аквариума цена;core
растения без водорослей для аквариума цены;core
растения без водорослей для аквариума наличие;core
растения без водорослей для аквариума каталог;core
растения без водорослей для аквариума доставка;core
растения без водорослей для аквариума в москве;core_geo
купить растения без водорослей для аквариума в москве;core_geo
растения без водорослей для аквариума в москве цена;core_geo
растения без водорослей для аквариума по москве;core_geo
купить растения без водорослей для аквариума по москве;core_geo
растения без водорослей для аквариума по москве цена;core_geo
растения без водорослей для аквариума по московской области;core_geo
купить растения без водорослей для аквариума по московской области;core_geo
растения без водорослей для аквариума по московской области цена;core_geo
растения без водорослей для аквариума в москве с доставкой;core_geo
купить растения без водорослей для аквариума в москве с доставкой;core_geo
растения без водорослей для аквариума в москве с доставкой цена;core_geo
купить растения для травника;core
заказать растения для травника;core
где купить растения для травника;core
растения для травника цена;core
растения для травника цены;core
растения для травника наличие;core
растения для травника каталог;core
растения для травника доставка;core
растения для травника в москве;core_geo
купить растения для травника в москве;core_geo
растения для травника в москве цена;core_geo
растения для травника по москве;core_geo
купить растения для травника по москве;core_geo
растения для травника по москве цена;core_geo
растения для травника по московской области;core_geo
купить растения для травника по московской области;core_geo
растения для травника по московской области цена;core_geo
растения для травника в москве с доставкой;core_geo
купить растения для травника в москве с доставкой;core_geo
растения для травника в москве с доставкой цена;core_geo
купить растения для акваскейпа;core
заказать растения для акваскейпа;core
где купить растения для акваскейпа;core
растения для акваскейпа цена;core
растения для акваскейпа цены;core
растения для акваскейпа наличие;core
растения для акваскейпа каталог;core
растения для акваскейпа доставка;core
растения для акваскейпа в москве;core_geo
купить растения для акваскейпа в москве;core_geo
растения для акваскейпа в москве цена;core_geo
растения для акваскейпа по москве;core_geo
купить растения для акваскейпа по москве;core_geo
растения для акваскейпа по москве цена;core_geo
растения для акваскейпа по московской области;core_geo
купить растения для акваскейпа по московской области;core_geo
растения для акваскейпа по московской области цена;core_geo
растения для акваскейпа в москве с доставкой;core_geo
купить растения для акваскейпа в москве с доставкой;core_geo
растения для акваскейпа в москве с доставкой цена;core_geo
купить растения для запуска аквариума;core
заказать растения для запуска аквариума;core
где купить растения для запуска аквариума;core
растения для запуска аквариума цена;core
растения для запуска аквариума цены;core
растения для запуска аквариума наличие;core
растения для запуска аквариума каталог;core
растения для запуска аквариума доставка;core
растения для запуска аквариума в москве;core_geo
купить растения для запуска аквариума в москве;core_geo
растения для запуска аквариума в москве цена;core_geo
растения для запуска аквариума по москве;core_geo
купить растения для запуска аквариума по москве;core_geo
растения для запуска аквариума по москве цена;core_geo
растения для запуска аквариума по московской области;core_geo
купить растения для запуска аквариума по московской области;core_geo
растения для запуска аквариума по московской области цена;core_geo
растения для запуска аквариума в москве с доставкой;core_geo
купить растения для запуска аквариума в москве с доставкой;core_geo
растения для запуска аквариума в москве с доставкой цена;core_geo
купить почвопокровные растения для аквариума;core
заказать почвопокровные растения для аквариума;core
где купить почвопокровные растения для аквариума;core
почвопокровные растения для аквариума цена;core
почвопокровные растения для аквариума цены;core
почвопокровные растения для аквариума наличие;core
почвопокровные растения для аквариума каталог;core
почвопокровные растения для аквариума доставка;core
почвопокровные растения для аквариума в москве;core_geo
купить почвопокровные растения для аквариума в москве;core_geo
почвопокровные растения для аквариума в москве цена;core_geo
почвопокровные растения для аквариума по москве;core_geo
купить почвопокровные растения для аквариума по москве;core_geo
почвопокровные растения для аквариума по москве цена;core_geo
почвопокровные растения для аквариума по московской области;core_geo
купить почвопокровные растения для аквариума по московской области;core_geo
почвопокровные растения для аквариума по московской области цена;core_geo
почвопокровные растения для аквариума в москве с доставкой;core_geo
купить почвопокровные растения для аквариума в москве с доставкой;core_geo
почвопокровные растения для аквариума в москве с доставкой цена;core_geo
купить растения для переднего плана аквариума;core
заказать растения для переднего плана аквариума;core
где купить растения для переднего плана аквариума;core
растения для переднего плана аквариума цена;core
растения для переднего плана аквариума цены;core
растения для переднего плана аквариума наличие;core
растения для переднего плана аквариума каталог;core
растения для переднего плана аквариума доставка;core
растения для переднего плана аквариума в москве;core_geo
купить растения для переднего плана аквариума в москве;core_geo
растения для переднего плана аквариума в москве цена;core_geo
растения для переднего плана аквариума по москве;core_geo
купить растения для переднего плана аквариума по москве;core_geo
растения для переднего плана аквариума по москве цена;core_geo
растения для переднего плана аквариума по московской области;core_geo
купить растения для переднего плана аквариума по московской области;core_geo
растения для переднего плана аквариума по московской области цена;core_geo
растения для переднего плана аквариума в москве с доставкой;core_geo
купить растения для переднего плана аквариума в москве с доставкой;core_geo
растения для переднего плана аквариума в москве с доставкой цена;core_geo
купить растения для заднего плана аквариума;core
заказать растения для заднего плана аквариума;core
где купить растения для заднего плана аквариума;core
растения для заднего плана аквариума цена;core
растения для заднего плана аквариума цены;core
растения для заднего плана аквариума наличие;core
растения для заднего плана аквариума каталог;core
растения для заднего плана аквариума доставка;core
растения для заднего плана аквариума в москве;core_geo
купить растения для заднего плана аквариума в москве;core_geo
растения для заднего плана аквариума в москве цена;core_geo
растения для заднего плана аквариума по москве;core_geo
купить растения для заднего плана аквариума по москве;core_geo
растения для заднего плана аквариума по москве цена;core_geo
растения для заднего плана аквариума по московской области;core_geo
купить растения для заднего плана аквариума по московской области;core_geo
растения для заднего плана аквариума по московской области цена;core_geo
растения для заднего плана аквариума в москве с доставкой;core_geo
купить растения для заднего плана аквариума в москве с доставкой;core_geo
растения для заднего плана аквариума в москве с доставкой цена;core_geo
купить растения на корягу в аквариум;core
заказать растения на корягу в аквариум;core
где купить растения на корягу в аквариум;core
растения на корягу в аквариум цена;core
растения на корягу в аквариум цены;core
растения на корягу в аквариум наличие;core
растения на корягу в аквариум каталог;core
растения на корягу в аквариум доставка;core
растения на корягу в аквариум в москве;core_geo
купить растения на корягу в аквариум в москве;core_geo
растения на корягу в аквариум в москве цена;core_geo
растения на корягу в аквариум по москве;core_geo
купить растения на корягу в аквариум по москве;core_geo
растения на корягу в аквариум по москве цена;core_geo
растения на корягу в аквариум по московской области;core_geo
купить растения на корягу в аквариум по московской области;core_geo
растения на корягу в аквариум по московской области цена;core_geo
растения на корягу в аквариум в москве с доставкой;core_geo
купить растения на корягу в аквариум в москве с доставкой;core_geo
растения на корягу в аквариум в москве с доставкой цена;core_geo
купить растения на камни в аквариум;core
заказать растения на камни в аквариум;core
где купить растения на камни в аквариум;core
растения на камни в аквариум цена;core
растения на камни в аквариум цены;core
растения на камни в аквариум наличие;core
растения на камни в аквариум каталог;core
растения на камни в аквариум доставка;core
растения на камни в аквариум в москве;core_geo
купить растения на камни в аквариум в москве;core_geo
растения на камни в аквариум в москве цена;core_geo
растения на камни в аквариум по москве;core_geo
купить растения на камни в аквариум по москве;core_geo
растения на камни в аквариум по москве цена;core_geo
растения на камни в аквариум по московской области;core_geo
купить растения на камни в аквариум по московской области;core_geo
растения на камни в аквариум по московской области цена;core_geo
растения на камни в аквариум в москве с доставкой;core_geo
купить растения на камни в аквариум в москве с доставкой;core_geo
растения на камни в аквариум в москве с доставкой цена;core_geo
купить альтернатера рейнека розаэфолия;species
альтернатера рейнека розаэфолия цена;species
альтернатера рейнека розаэфолия для аквариума;species
альтернатера рейнека розаэфолия in vitro;species
альтернатера рейнека розаэфолия меристема;species
купить альтернатера рейнека розаэфолия в москве;species
альтернатера рейнека розаэфолия с доставкой;species
купить ротала ротундифолия;species
ротала ротундифолия цена;species
ротала ротундифолия для аквариума;species
ротала ротундифолия in vitro;species
ротала ротундифолия меристема;species
купить ротала ротундифолия в москве;species
ротала ротундифолия с доставкой;species
купить буцефаландра;species
буцефаландра цена;species
буцефаландра для аквариума;species
буцефаландра in vitro;species
буцефаландра меристема;species
купить буцефаландра в москве;species
буцефаландра с доставкой;species
купить анубиас нана;species
анубиас нана цена;species
анубиас нана для аквариума;species
анубиас нана in vitro;species
анубиас нана меристема;species
купить анубиас нана в москве;species
анубиас нана с доставкой;species
купить криптокорина;species
криптокорина цена;species
криптокорина для аквариума;species
криптокорина in vitro;species
криптокорина меристема;species
купить криптокорина в москве;species
криптокорина с доставкой;species
купить монте карло;species
монте карло цена;species
монте карло для аквариума;species
монте карло in vitro;species
монте карло меристема;species
купить монте карло в москве;species
монте карло с доставкой;species
купить элеохарис;species
элеохарис цена;species
элеохарис для аквариума;species
элеохарис in vitro;species
элеохарис меристема;species
купить элеохарис в москве;species
элеохарис с доставкой;species
купить людвигия;species
людвигия цена;species
людвигия для аквариума;species
людвигия in vitro;species
людвигия меристема;species
купить людвигия в москве;species
людвигия с доставкой;species
mikroklon.ru аквариумные растения;competitor
mikroklon.ru меристемные растения;competitor
микроклон аквариумные растения;competitor
микроклон меристемные растения;competitor
aquaklon или mikroklon;competitor
что лучше aquaklon или mikroklon;competitor
аналог mikroklon.ru аквариумные растения;competitor
альтернатива mikroklon.ru;competitor
купить аквариумные растения для акваскейпа в москве;longtail
аквариумные растения для акваскейпа в москве цена;longtail
заказать аквариумные растения для акваскейпа в москве;longtail
купить аквариумные растения для травника в москве;longtail
аквариумные растения для травника в москве цена;longtail
заказать аквариумные растения для травника в москве;longtail
купить аквариумные растения без улиток в москве;longtail
аквариумные растения без улиток в москве цена;longtail
заказать аквариумные растения без улиток в москве;longtail
купить аквариумные растения без водорослей в москве;longtail
аквариумные растения без водорослей в москве цена;longtail
заказать аквариумные растения без водорослей в москве;longtail
купить аквариумные растения in vitro в москве;longtail
аквариумные растения in vitro в москве цена;longtail
заказать аквариумные растения in vitro в москве;longtail
купить аквариумные растения для запуска аквариума в москве;longtail
